aurorayarnsofalaska@gmail.com,Aurora ,Yarns,US,Alaska,Skagaway,"602 Broadway, Skagway, AK 99840, United States",19076120712,99840,http://www.aurorayarnsofalaska.com/,,Yarn Store
woolymammothalaska@gmail.com,Cabin ,Fever,US,Alaska,Anchorage,"412 G St, Anchorage, AK 99501, United States",19072783522,99501,http://www.woolymammothalaska.com/,,Yarn Store
fabulousfiberartsandmore@gmail.com,Fabulous,Fiver Arts and More,US,Alaska,Ketchikan,"716 Totem Way #100, Ketchikan, AK 99901, United States",19072259161,99901,https://fabulousfiberartsak.com/,,Yarn Store
,Far ,North Fibres,US,Alaska,Anchorage,"3960 Doroshin Ave, Anchorage, AK 99516, United States",19072790332,99516,,,Yarn Store
custhelp@michaels.com,Michaels ,,US,Alaska,Anchorage,"Madigan Place, 8571 Old Seward Hwy, Anchorage, AK 99515, United States",19073368600,99515,,,Craft Store
annie@akfnyc.com,Far ,North Yarn Co.,US,Alaska,Anchorage,"751 E 36th Ave #112, Anchorage, AK 99503, United States",19072585648,99503,https://www.akfnyc.com/,,Yarn Store
sales@northernthreads.biz,Northern ,Threads Inc.,US,Alaska,Fairbanks,"1875 University Ave S, Fairbanks, AK 99709, United States",19079312599,99709,https://www.northernthreads.net/,,Fabric Store
sandy@polychromefibers.com,Polychrome,Fibres,US,Alaska,Denali Park,"Denali National Park and Preserve, 238.9 Parks Hwy, Denali National Park and Preserve, AK 99755, United States",,99755,https://www.polychromefibers.com/,,Yarn Store
glacierpurls@gmail.com,Glacier ,Purls,US,Alaska,Palmer,"1150 S Colony Way Ste 8, Palmer, AK 99645, United States",19077073338,99645,,,Yarn Store
customer.service@joann.com,"JOANN
",Fabric and Crafts,US,Alaska,Anchorage,"3801 Old Seward Hwy, Anchorage, AK 99503, United States",19072027822,99503,https://www.joann.com/?utm_campaign=website-homepage&utm_medium=google&utm_content=website&utm_source=local-listing,,Craft Store
robinsnestfiberarts@gmail.com,Robin's ,Nest Fiber Arts,US,Alaska,,,19283257632,,https://robinsnestfiberarts.com/,,Yarn Store
"
TheFiberingSquad@gmail.com",The Fibering,Squad,US,Alaska,Anchorage,"3239 Hiland Dr, Anchorage, AK 99504, United States",19079529795,99504,,,Craft Store
hello@thenetloftak.com,The Net ,Loft,US,Alaska,Cordova,"140 Adams Ave, Cordova, AK 99574, United States",19074247337,99574,https://thenetloftak.com/,,Craft Store
therookeryfibershop@gmail.com,The Rookery,,US,Alaska,Kodiak,"103 Center St, Kodiak, AK 99615, United States",19074860052,99615,https://www.therookeryfibershop.com/,,Yarn Store
deborah@untangledyarnandfiber.com,Untangled ,Yarn & Fiber,US,Alaska,Ketchikan,"1624 Tongass Ave, Ketchikan, AK 99901, United States",19072259276,99901,https://untangledyarnandfiber.com/,,Yarn Store
dcknits112@msn.com,DC,Knits,US,Arizona ,Tucson,"2162 W Speedway Blvd Apt 10108, Tucson, AZ 85745, United States",15757707261,85745,https://www.dcknits.com/,,Clothing store
support@familyartsneedlework.com,Family ,Arts Needlework Shop,US,Arizona ,Phoenix,"5555 N 7th St Ste 144, Phoenix, AZ 85014, United States",16022770694,85014,https://familyartsneedlework.com/,,Craft Store
Crochetbyliza123@gmail.com,Crochet ,by Liza,US,Arizona ,Peoria,"Unknown, Peoria, AZ 85345, United States",14804448866,85345,https://www.crochetbyliza.com/,,Craft Store
contact@sansoxygen.com,SAS,Fibres,US,Arizona ,Phoenix,"1111 E Indian School Rd, Phoenix, AZ 85014, United States",16022792171,85014,https://sasfabrics.com/,,Fabric Store
info@quailrunneedlework.com,Quail,Run Needle Work,US,Arizona ,Scotsdalle,"7704 E Doubletree Ranch Rd #125, Scottsdale, AZ 85258, United States",14805511423,85258,https://quailrunneedlework.com/,,Needle work shop
Bestitchednpt@icloud.com,Bestitched ,Needlepoint,US,Arizona ,Scotsdalle,"8658 E Shea Blvd #175, Scottsdale, AZ 85260, United States",14809910706,85260,https://bestitchedneedlepointshop.com/,,Needle work shop
ginaperkesdesigns@gmail.com,The Copper,Needle,US,Arizona,Payson,"201 W Main St, Payson, AZ 85541, United States",19283634036,85541,https://thecopperneedle.com/,,Quilt Shop
yarn@wickenburg.com,Isabelle's ,Parlour,US,Arizona,Wickenburg,"51020 U.S. Hwy 60 89 b, Wickenburg, AZ 85390, United States",19286844937,85390,https://www.isabellesparlour.com/,,Yarn Store
info@tempeyarn.com,Tempe,Yarn & Fiber,US,Arizona,Tempe,"1415 E University Dr A102, Tempe, AZ 85288, United States",14805579166,85228,https://www.tempeyarn.com/,,Yarn Store
sedonaknitwitsyarns@gmail.com,Sedona,Knit Wits,US,Arizona,Cottonwood,"1100 AZ-260 Suite 19, Cottonwood, AZ 86326, United States",19286346193,86326,https://www.sedonaknitwits.com/,,Yarn Store
info@fibercreekprescott.com,Fiber ,Creek LLC,US,Arizona,Prescott,"1046 Willow Creek Rd # 123, Prescott, AZ 86301, United States",19287171774,86301,https://www.fibercreekprescott.com/,,Yarn Store
help@birdhouseyarns.com,Birdhouse,Yarns,US,Arizona,Tucson,"2540 E 6th St, Tucson, AZ 85716, United States",15203054187,85716,https://www.birdhouseyarns.com/,,Yarn Store
theroyalbeeyarncompany@gmail.com,The Royal,Bee,US,California,Pacifica,"1922 Palmetto Ave, Pacifica, CA 94044, United States",16508988329,94044,https://www.theroyalbeeyarncompany.com/,,Yarn Store
imagikniteast@gmail.com,Imagiknit,,US,California,San Francisco,"3897 18th St, San Francisco, CA 94114, United States",14156216642,94114,https://imagiknit.com/,,Yarn Store
yarn.n.thread@gmail.com,Yarn & Thread ,Expressions,US,California,La Mesa,"7882 La Mesa Blvd, La Mesa, CA 91942, United States",16194609276,91942,http://www.yarneshop.com/,,Yarn Store
destinyarn@gmail.com,Destin,Yarn,US,Florida,Miramar Beach,"12273 U.S. 98 W #109, Miramar Beach, FL 32550, United States",18506500006,32550,,,Yarn Store
thecocoavillageyarnshop@gmail.com,Knit &Stich,Boutique,US,Florida,Cocoa,"15 Stone St, Cocoa, FL 32922, United States",13216324579,32922,https://www.knitandstitchboutique.com/,,Yarn Store
knitorknotyarns@gmail.com,Knit & Knot,Yarns,US,Florida,Jupiter,"1432 S Cypress Dr STE 1, Jupiter, FL 33469, United States",15617461005,33469,http://www.knitorknotyarns.net/,,Yarn Store
paulascraftshop@gmail.com,Paula's,Craft Shop,US,Florida,Leesburg,"35618 Shelley Dr, Leesburg, FL 34788, United States",15012768613,34788,http://paulascraftshop.square.site/,,Craft Store
impallari@gmail.com,Pioneer,Fiber Mill,US,Florida,New Smyrna Beach,"2325 Pioneer Trail, New Smyrna Beach, FL 32168, United States",13864515692,32168,http://pioneerfibermill.com/,,Yarn Store
popyarnybor@gmail.com,Pop,Yarn,US,Florida,Tampa,"1624 E 7th Ave STE 243, Tampa, FL 33605, United States",18134455081,33605,http://www.popyarnllc.com/,,Yarn Store
cliftycreekalpacas@gmail.com,Clifty ,Creek Alpacas,US,Indiana,Milroy,"1161 E 1000 S, Milroy, IN 46156, United States",13176958038,46156,https://www.cliftycreekalpacas.com/,,Yarn Store
omaknitstextile@gmail.com,Oma,Knits,US,Indiana,Indianapolis,"6503 Ferguson St, Indianapolis, IN 46220, United States",13178402345,46220,http://www.omaknitstextileco.com/,,Yarn Store
shabbysheep13@gmail.com,Shabby ,Sheep & Ewe,US,Indiana,Columbus,"1113 16th St, Columbus, IN 47201, United States",18123729276,47201,http://shabbysheepandewe.com/,,Yarn Store
sheepskeins@gmail.com,Sheepskeins,Yarn Store,US,Indiana,Newburgh,"1109 IN-662, Newburgh, IN 47630, United States",18128420200,47630,http://sheepskeins.com/,,Yarn Store
theknittingotter@gmail.com,The Knitting ,Order,US,Indiana,Franklin,"111 E Monroe St, Franklin, IN 46131, United States",13178688094,46131,http://theknittingotter.com/,,Yarn Store
bostonfiberco@gmail.com,Boston,Fiber Company,US,"Massachutes",Boston,"61 Thayer St, Boston, MA 02118, United States",18573271960,20118,http://www.bostonfibercompany.com/,,Yarn Store
CovetedYarn@gmail.com,Coveted,Yarn,US,"Massachutes",Gloucester,"488 Essex Ave, Gloucester, MA 01930, United States",19782828809,1930,http://www.covetedyarn.com/,,Yarn Store
ironhorsefiberart@gmail.com,Iron ,Horse Fiber Art,US,"Massachutes",Sherborn,"29 Coolidge St, Sherborn, MA 01770, United States",15087343434,1770,https://www.ironhorsefiberart.com/,,Yarn Store
northamptonwools29@gmail.com,Northampton ,Wools,US,"Massachutes",Northampton,"29 Pleasant St, Northampton, MA 01060, United States",14135864331,1060,http://www.northamptonwools.com/,,Yarn Store
pradodelana@gmail.com,Prado de,Lana Sheep Farm,US,"Massachutes",Stockbridge,"6 Prospect Hill Rd, Stockbridge, MA 01262, United States",16102338105,1262,http://www.pradodelana.com/,,Yarn Store
stacisstitchesskeins@gmail.com,Staci's ,Stitches and Skeins,US ,"Massachutes",Scituate,"761 Country Way, Scituate, MA 02066, United States",17812067478,20266,http://www.stacisstitches.com/,,Yarn Store
customerservice@yarn.com,WEBS ,America's Yarn Store,US,"Massachutes",Northampton,"75 Service Center Rd, Northampton, MA 01060, United States",18003679327,1060,http://www.yarn.com/,,Yarn Store
614knitstudio@gmail.com,614 Knit ,Studio,US,Ohio,Columbus,"4436 Indianola Ave, Columbus, OH 43214, United States",16146705629,43214,http://www.614knitstudio.com/,,Yarn Store
loiswgn@gmail.com,Fiber,Fun Studio,US,Ohio,Albany,"28743 Gaston Rd, Albany, OH 45710, United States",17406980101,45710,http://www.fiberfunstudio.com/,,Yarn Store
knit2temptations@gmail.com,Knitting ,Temptations,US,Ohio,Upper Arlington,"COhatch - 2nd Floor, 1733 W Lane Ave, Upper Arlington, OH 43221, United States",16147340618,,http://www.knittingtemptations.com/,,Yarn Store
Woolybullyyarn@gmail.com,Wooly,Bully,US,Ohio,Springboro,"135 S Main St, Springboro, OH 45066, United States",19377481002,45066,https://www.woolybullyyarncompany.com/,,Yarn Store
yarnitanddash@gmail.com,Yarn It ,& Haberdashery,US,Ohio,Grandview heights,"1093 W 1st Ave, Grandview Heights, OH 43212, United States",16147366464,43212,https://shop.yarnitanddash.com/,,Yarn Store
yesterdaysewes@gmail.com,Yesterday 's ,Ewes,US,Ohio,London,"100 S Main St, London, OH 43140, United States",17408458840,43140,http://www.yesterdaysewes.com/,,Yarn Store
PurlsofWisdomPA@gmail.com,Purls ,Of Wisdom,US,Pennsylvania,Phoenixville,"550 Kimberton Rd, Phoenixville, PA 19460, United States",16109335010,19460,https://www.purlsofwisdompa.com/,,Yarn Store
sewickleyyarns@gmail.com,Sewickly ,Yarns,US,Pennsylvania,Sewickley,"435 Beaver St, Sewickley, PA 15143, United States",14127418894,15143,http://www.sewickleyyarns.com/,,Yarn Store
stringtheoryyarnshop@gmail.com,String,Theory,US,Pennsylvania,Lemoyne,"829 State St Suite 2005, Lemoyne, PA 17043, United States",17177751689,17043,http://www.stringtheoryyarnshop.com/,,Yarn Store
yarningtown@gmail.com,Yarningtown,LLC,US,Pennsylvania,DowningTown,"4309 Lincoln Hwy E, Downingtown, PA 19335, United States",16103140807,19335,http://www.yarningtown.com/,,Yarn Store
onthelambknits@gmail.com,On The Lamb ,Yarn Shopee,US,Texas,Grapevine,"260 N Main St, Grapevine, TX 76051, United States",18175276177,76051,http://onthelambyarnshoppe.com/,,Yarn Store
themodernskein@gmail.com,The Modern ,Skein,US,Texas,Montgomery,"208 McCown St suite 100-110, Montgomery, TX 77356, United States",19364363615,77356,http://themodernskein.com/,,Yarn Store
thesocialknitworkots@gmail.com,The Social,Knitwork,US,Texas,Spring ,"26511 Keith St, Spring, TX 77373, United States",12816304144,77373,http://www.thesocialknitworkots.com/,,Knit Shop
yarnivoresa@gmail.com,Yarnivore,,US,Texas,San Antonio,"2357 NW Military Hwy, San Antonio, TX 78231, United States",12109798255,78231,http://www.yarnivoresa.net/,,Yarn Store
mariannesbreiboetiek@gmail.com,Marianne's ,Brei- en Haakboetiek,UK,Netherlands,Ridderkerk,"Rijsoordsestraat 30, 2988 XP Ridderkerk, Netherlands",31624332291,2988,http://www.marianne-breiboetiek.nl/,,Wool Store
centeroftheyarniverse@gmail.com,Center ,of the Yarniverse,US,Virginia,Ashland,"112 England St, Ashland, VA 23005, United States",18043627800,23005,https://centeroftheyarniverse.com/,,Yarn Store
FinnegansRunLYS@gmail.com,Finnegan's ,Run Yarn & Gifts,US,Virginia,Fredericksburg,"1145 Emancipation Hwy, Fredericksburg, VA 22401, United States",15403730670,22401,https://finnegansrunyarn.com/,,Yarn Store
housemountainyarnco@gmail.com ,House ,Mountain Yarn Co.,US,Virginia,Lexington,"117 S Main St, Lexington, VA 24450, United States",15404622931,24450,http://www.housemountainyarn.com/,,Yarn Store
RiverCityKnittersRVA@gmail.com,River ,City Knitters,US,Virginia,Richmond,"1717 Bellevue Ave, Richmond, VA 23227, United States",18043561954,23227,https://www.rivercityknittersrva.org/,,Knit Shop
susansyarnstash@gmail.com,Susan's ,Yarn Stash,US,Virginia,Fishersville,"1838 Jefferson Hwy, Fishersville, VA 22939, United States",15404718222,22939,http://www.susansyarnstash.com/,,Yarn Store
knittincoop@gmail.com ,The Knittin',"Coop, LLC",US,Virginia,Salem,"7 S College Ave, Salem, VA 24153, United States",15405882447,24153,http://theknittincoop.com/,,Knit Shop
stitchwitchofbedford@gmail.com,The Stitch ,Witch,US,Virginia,Bedford,"210 N Bridge St, Bedford, VA 24523, United States",15408740102,24523,https://www.stitchwitchofbedfordva.com/,,Yarn Store
vablueridgeyarncrawl@gmail.com,Virginia ,Blue Ridge Yarn Crawl,US,,,,15409448221,,https://www.vablueridgeyarncrawl.com/,,Yarn Store
yarnseasons@gmail.com,Yarn,Seasons,US,Virginia,Hardy,"13105 Booker T Washington Hwy Suite B3, Hardy, VA 24101, United States",15404201289,24101,http://www.yarnseasons.com/,,Yarn Store
yarntuary@gmail.com,Yarntuary,,US,Virginia,Fredericksburg,"1517 Princess Anne St, Fredericksburg, VA 22401, United States",,22401,https://yarntuary.com/,,Yarn Store
fiberartwork@gmail.com,Fiber ,Art Work,US,Alabama,Huntsville,"817 Regal Dr SW, Huntsville, AL 35801, United States",12566560163,35801,https://www.fiberartwork.com/,,Yarn Store
papercraneyarns@gmail.com,Paprer ,Crane Yarns,US,Alabama,Calera,"1040 14th St STE C, Calera, AL 35040, United States",12054361333,35040,http://www.papercraneyarns.com/,,Yarn Store
theyarnwinder@gmail.com,The Yarn ,Winder,US,Georgia,Winder,"137 N Broad St Suite E, Winder, GA 30680, United States",16784250784,30680,http://theyarnwinder.com/,,Yarn Store
yarningtown@gmail.com,Yarningtown ,LLC,US,Pennsylvania,Downingtown,"4309 Lincoln Hwy E, Downingtown, PA 19335, United States",16103140807,19335,http://www.yarningtown.com/,,Yarn Store
ninfo.yarnsetc@gmail.com,Yarns ,Etc.,US,,,,,,https://yarnsetc.com/,,Yarn Store
BeadAdyxYarn@gmail.com,Bead ,Adyx Yarn and More ,US,New Jersey,Magnolia,"217 N Warwick Rd, Magnolia, NJ 08049, United States",18563085118,8049,http://www.beadadyxyarn.com/,,Yarn Store
fiberarts315@gmail.com,Fiber ,Arts,US,New Jersey, Cape May Court House,"24 NJ-47 South, Cape May Court House, NJ 08210, United States",16098988080,8210,http://fiberartsyarnshop.com/,,Yarn Store
graceandpurl@gmail.com,Grace ,& Purl,US,New Jersey,Avon-By-The-Sea,"218 Main St, Avon-By-The-Sea, NJ 07717, United States",17329638719,7717,http://www.graceandpurl.com/,,Yarn Store
knitknotnatter@gmail.com,Knit Knot & Natter,& Natter,US,New Jersey,Pompton Plains,"610 Newark Pompton Turnpike Unit B, Pompton Plains, NJ 07444, United States",19732486522,,https://www.knitknotnatter.com/,,Yarn Store
knitonestitchtoo@gmail.com,Knit One ,Stitch Too,US,New Jersey,Pennington,"16 N Main St, Pennington, NJ 08534, United States",16097372211,8534,http://www.k1st2.com/,,Needle work shop
impallari@gmail.com,Winterberries ,Yarn,US,New Jersey,Columbia,"468 NJ-94, Columbia, NJ 07832, United States",19084968353,7832,http://www.winterberriesyarn.com/,,Yarn Store
yarnstormers.cranford@gmail.com,YarnStormers,,US,New Jersey,Cranford,"10 Alden St, Cranford, NJ 07016, United States",19083084082,7016,http://www.yarnstormers.com/,,Yarn Store
knitpickyandhooked@gmail.com,Knit-Picky ,& Hooked,US,Michigan,Monroe,"2121 N Monroe St unit 130, Monroe, MI 48162, United States",17347901471,48162,https://knitpickyandhooked.square.site/,,Craft Store
knottyfunyarn@gmail.com,Knotty ,Fun Yarn LLC,US,Michigan,Perry,"124 S Main St, Perry, MI 48872, United States",15172014795,48872,https://www.knottyfunyarn.com/,,Yarn Store
yarngardenMI@gmail.com,Yarn ,Garden,US,Michigan,Charlotte,"131 S Cochran Rd, Charlotte, MI 48813, United States",15175419323,48813,http://yarngardenmichigan.com/,,Yarn Store
yarnonfront@gmail.com,Yarn ,on Front,US,Michigan,Dowagiac,"122 S Front St, Dowagiac, MI 49047, United States",12694629094,49047,,,Yarn Store
bobbyperdana48@gmail.com,A Tangled ,Yarn Shop,US,North Carolina,Denver,"3692 NC-16 Business, Denver, NC 28037, United States",,28037,http://www.atangledyarnshop.com/,,Yarn Store
chixwithstixnc@gmail.com,Chix ,with Stix ,US,North Carolina,Lenoir,"1340 Morganton Blvd SW, Lenoir, NC 28645, United States",18287580081,28645,http://www.chixwithstixknit.com/,,Yarn Store
rebecca@sundragonartandfiber.com,Coastal ,"Purl, LLC",US,North Carolina,Elizabeth City,"106 A Capital Trce, Elizabeth City, NC 27909, United States",12525484801,27909,http://coastalpurl.com/,,Yarn Store
silverthreadsyarn@gmail.com,Silver Threads ,& Golden Needles,US,North Carolina,Franklin,"41 E Main St, Franklin, NC 28734, United States",18283490515,28734,http://silverthreadsyarn.com/,,Yarn Store
wildskeins@gmail.com,Wildskeins ,Yarn Company,US,North Carolina,Hickory,"123 2nd Ave NE, Hickory, NC 28601, United States",18288559245,28601,http://wildskeins.com/,,Yarn Store
john@email.com,Cowgirl ,Yarn,US,Wyoming,Laramie,"119 E Ivinson Ave, Laramie, WY 82070, United States",13077559276,82070,https://cowgirlyarn.com/,,Yarn Store
everythingalpacaco@gmail.com,Everything ,Alpaca,US,Coloroda,Castle Rock,"207 Fifth St, Castle Rock, CO 80104, United States",13036606684,80104,http://www.everythingalpaca.biz/,,Yarn Store
FingerPlayStudio@gmail.com,FingerPlay ,Studio,US,Coloroda,Louisville,"901 Front St #110, Louisville, CO 80027, United States",13036044374,80027,http://www.fingerplaystudio.com/,,Yarn Store
maverickfiberarts@gmail.com,Maverick ,Fiber Arts,US,Coloroda,Lafayette,"2770 Dagny Way # 108, Lafayette, CO 80026, United States",13036655591,80026,,,Yarn Store
pineycreekyarn@gmail.com,Piney ,Creek Yarn,US,Coloroda,Centennial,"15460 E Orchard Rd, Centennial, CO 80016, United States",13039531697,80016,http://pineycreekyarn.com/,,Yarn Store
woollyworks.knits@gmail.com,Serendipity ,Yarn & Gifts,US,Coloroda,Buena Vista,"321 W Main St, Buena Vista, CO 81211, United States",17193953110,81211,http://www.serendipityyarn.com/,,Yarn Store
swfarm2yarn@gmail.com,Southwest Farm ,to Yarn Collective,US,Coloroda,Cortez,"360 W 1st St B, Cortez, CO 81321, United States",19705606777,81321,https://www.swfarmtoyarn.org/,,Yarn Store
aurorayarnsofalaska@gmail.com,Aurora,Yarns,US,Alaska,Skagaway,"602 Broadway, Skagway, AK 99840, United States",1.91E+10,99840,http://www.aurorayarnsofalaska.com/,Aurora Yarns,Yarn Store
woolymammothalaska@gmail.com,Cabin,Fever,US,Alaska,Anchorage,"412 G St, Anchorage, AK 99501, United States",1.91E+10,99501,http://www.woolymammothalaska.com/,Cabin Fever,Yarn Store
service@dharmatrading.com,DHARMA,TRADING CO,US,California,SAN RAFAEL,"1805 South McDowell Blvd. Ext. Petaluma, CA 94954",415-456-1211,94901,http://www.dharmatrading.com,DHARMA TRADING CO,Yarn Store
mis@halcyonyarn.com,HALCYON,,US,Maine,BATH,"12 School Street Bath, ME 04530",207-442-7909,4530,http://www.halcyonyarn.com,HALCYON,Yarn Store
info.knitcraft@gmail.com,KNITCRAFT,INC,US,Missouri,INDEPENDENCE,"500 N Dodgion Ave, Independence, MO 64050",816-461-1248,64050,https://www.knitcraft.com,KNITCRAFT INC,Yarn Store
info@yarnbarn-ks.com,YARN BARN,OF KANSAS INC,US,Kansas,LAWRENCE,"930 Massachusetts St.Lawrence, Kansas 66044",785-842-4333,66044,http://www.yarnbarn-ks.com,YARN BARN OF KANSAS INC,Yarn Store
yarn@thefiberloft.com,THE FIBER,LOFT,US,Massachusetts,HARVARD,"9 Mass Ave, Harvard MA 01451",978-456-8669,1451,http://www.thefiberloft.com,THE FIBER LOFT,Yarn Store
alelupp@defnet.com,THE FIFTH,STITCH,US,Ohio,DEFIANCE,"522 Clinton St, Defiance, OH 43512, United States",419-782-0991,43512,http://fifthstitch.com,THE FIFTH STITCH,Yarn Store
info@franklinmillstore.com,FRANKLIN MILL STORE,MAYFLOWER TEXTILE,US,Massachusetts,FRANKLIN,"305 Union St. Franklin, MA 02038",508-528-3300,2038,,FRANKLIN MILL STORE/MAYFLOWER TEXTILE,Yarn Store
kmuhr@brownsheep.com,WOOLWORKS,LTD.,US,Connecticut,PUTNAM,"154 Main Street, Putnam, CT 06260",860-963-1228,6260,,WOOLWORKS LTD.,Yarn Store
yardgoodscenterfabric@gmail.com,YARDGOODS,CENTER,US,Maine,WATERVILLE,"60 Concourse W, Waterville, ME 04901, United States",207-872-2118,4901,,YARDGOODS CENTER,Yarn Store
northamptonwools29@gmail.com,NORTHAMPTON,WOOLS,US,Massachusetts,NORTHAMPTON,"29 Pleasant St, Northampton, MA 01060",413-586-4331,1060,http://www.northamptonwools.com,NORTHAMPTON WOOLS,Yarn Store
annie@akfnyc.com,FAR NORTH YARN,COMPANY,US,Alaska,ANCHORAGE,"751 East 36th Avenue, Suite 112
  Anchorage, AK 99503",907-258-5648,99503,http://www.akfnyc.com,FAR NORTH YARN COMPANY,Yarn Store
info@needlepointjoint.com,NEEDLEPOINT,JOINT,US,Utah,OGDEN,"241 Historic 25th Street Ogden, Utah",801-394-4355,84401,http://www.needlepointjoint.com,NEEDLEPOINT JOINT,Yarn Store
liz@finepoints.com,FINE,POINTS,US,Ohio,CLEVELAND,"12602 Larchmere Blvd. Cleveland, OH 44120",216-229-6644,44120,http://www.finepoints.com,FINE POINTS,Yarn Store
Craftyladytrio@gmail.com,CRAFTY LADY,TRIO INC.,US,Michigan,MACOMB,"15667 Hall Road Macomb, MI 48044",586-566-8008,48044,http://www.craftyladytrio.com,CRAFTY LADY TRIO INC.,Yarn Store
marketingbrownsheep@gmail.com,KNIT ONE,PURL TWO,US,Virginia,WINCHESTER,"20 W. BOSCAWEN ST, WINCHESTER, VA, 22601",540-662-6098,22601,,KNIT ONE PURL TWO,Yarn Store
sales@greatyarns.com,GREAT,YARNS,US,Washington,EVERETT,"4023 Rucker Avenue Everett, WA 98201",425-252-8155,98201,http://WWW.GREATYARNS.COM,GREAT YARNS,Yarn Store
cottageyarns@sbcglobal.net,COTTAGE,YARNS,US,California,SOUTH SAN FRANCISCO,"607 W. ORANGE AVE, SO SAN FRANCISCO, CA 94080",650-873-7371,94080,http://www.cottageyarns.com,COTTAGE YARNS,Yarn Store
spinnery@aol.com,THE SPINNERY,,US,New Jersey,FRENCHTOWN,"33 Race Street FRENCHTOWN, New Jersey 08825",908-996-9004,8825,https://thespinnery.square.site,THE SPINNERY,Yarn Store
kathyknitz@gmail.com,KATHY'S,KREATIONS,US,Pennsylvania,LIGONIER,"141 E Main St, Ligonier, PA 15658",724-238-9320,15658,http://www.kathys-kreations.com,KATHY'S KREATIONS,Yarn Store
threadbenderinc@msn.com,THREADBENDER,INC.,US,Michigan,GRANDVILLE,"5570 Wilson Avenue SW Suite B Grandville, MI 49418",616-531-6641,49418,http://threadbenderinc.com,THREADBENDER INC.,Yarn Store
holly@knithappenz.com,KNIT HAPPENZ at MEMORY,HAGLER KNITTING,US,Alabama,VESTAVIA HILLS,"2531 Rocky Ridge Road Suite 112, Vestavia Hills, AL, United States, Alabama",205-822-7875,35216,http://www.knithappenz.com,KNIT HAPPENZ at MEMORY HAGLER KNITTING,Yarn Store
TAPESTRYROSE@LIVE.COM,ADELAIDE'S,TAPESTRY ROSE,US,Washington,OCEAN PARK,"1401 Bay Ave Ocean Park, WA 98640",360-665-6050,98640,http://WWW.TAPESTRYROSE.COM,ADELAIDE'S / TAPESTRY ROSE,Yarn Store
customerservice@yarn.com,WEBS - VALLEY FIBERS,CORPORATION,US,Massachusetts,NORTHAMPTON,"75 Service Center Rd Northampton, MA 01060",413-584-2225,1060,http://www.yarn.com,WEBS - VALLEY FIBERS CORPORATION,Yarn Store
mary@yarnsetc.com,YARNS,ETC.,US,North Carolina,CHAPEL HILL,"1322 Forham Blvd #4 Chapel Hill, NC 27514",919-928-8810,27514,http://www.yarnsetc.com,YARNS ETC.,Yarn Store
info@uncommonthreadsyarn.com,UNCOMMON,THREADS,US,California,LOS ALTOS,"293 State Street Los Altos, CA 94022",650-941-1815,94022,http://uncommonthreadsyarn.com,UNCOMMON THREADS,Yarn Store
Marjorierchurchill@hotmail.com,ELAINE'S,YARN,US,Michigan,DAVISON,"219 E Flint St, Davison, MI 48423",810-653-9010,48423,,ELAINE'S YARN,Yarn Store
PHEBIE@PHEBIES.COM,PHEBIE'S NEEDLEART,CORNER,US,California,CLAREMONT,"532 W 1st St suite 210, Claremont, CA 91711, USA",909-624-5250,91711,http://WWW.PHEBIES2.COM,PHEBIE'S NEEDLEART CORNER,Yarn Store
info@seaneedles.com,SEA,NEEDLES,US,Delaware,BETHANY BEACH,"780 Garfield Pkwy, Bethany Beach, DE 19930",302-539-0574,19930,http://www.seaneedles.com,SEA NEEDLES,Yarn Store
hello@mountaintopyarn.com,MOUNTAIN TOP,TAPESTRIES,US,Idaho,McCall,"136 E Lake St Ste 2 Mccall, ID 83638",- -,83638,http://www.kmismccall.com,MOUNTAIN TOP TAPESTRIES,Yarn Store
stitchknitjax@aol.com,A STITCH IN TIME,LLC,US,Florida,JACKSONVILLE,"5724 St. Augustine Rd.
 Jacksonville, Florida
 32207",904-731-4082,32207,http://www.astitchintime.com,A STITCH IN TIME LLC,Yarn Store
sales@personalthreads.com,PERSONAL THREADS,BOUTIQUE,US,Nebraska,OMAHA,"8600 Cass Street Omaha, NE 68114",402-391-7733,68114,http://www.personalthreads.com,PERSONAL THREADS BOUTIQUE,Yarn Store
carolscraftsromeny@yahoo.com,CAROL'S,CRAFTS,US,New York,ROME,"1245 Erie Blvd West Rome, NY 13440",315-336-3785,13440,http://carolscraftsandsupplies.com,CAROL'S CRAFTS,Yarn Store
northwind@northwindbook.com,NORTHWIND BOOK &,FIBER INC.,US,Wisconsin,SPOONER,"205 Walnut St Spooner, WI 54801-1322",715-635-6811,54801,http://www.northwindbook.com,NORTHWIND BOOK & FIBER INC.,Yarn Store
info@jenningsyarn.com,JENNINGS YARN &,NEEDLECRAFT,US,Washington,LA CONNER,"512 S First St, PO Box 250 La Conner WA 98257 USA",360-466-3177,98257,http://JENNINGSYARN.COM,JENNINGS YARN & NEEDLECRAFT,Yarn Store
cherokeemaid333@yahoo.com,CARRICO'S CREATIVE,CORNER,US,Oklahoma,BARTLESVILLE,"Pamela Carrico, owner Bartlesville, OK 7400",918-333-8933,74006,http://WWW.YARNSATCARRICOS.COM,CARRICO'S CREATIVE CORNER,Yarn Store
countrywool@gmail.com,COUNTRYWOOL,,US,New York,HUDSON,Claudia Krisniski 59 Spring Road Hudson NY 12534,518-828-4554,12534,http://WWW.COUNTRYWOOL.COM,COUNTRYWOOL,Yarn Store
contact@mangelsens.com,MANGELSEN'S,,US,Nebraska,OMAHA,"3457 S 84th St, Omaha, NE 68124, United States",402-391-6225,68124,http://www.mangelsens.com,MANGELSEN'S,Yarn Store
grandco208@gmail.com,GRACE ROBINSON,& CO.,US,Maine,FREEPORT,"208 Route 1 South
 
 Freeport, Maine 04032",207-865-6110,4032,http://yarnandneedlepoint.com,GRACE ROBINSON & CO.,Yarn Store
Amy@ewe-niqueknits.com,EWE-NIQUE,KNITS,US,Michigan,ROYAL OAK,"515 S. Lafayette . Royal Oak, MI 48067",248-584-3001,48067,http://ewe-niqueknits.com,EWE-NIQUE KNITS,Yarn Store
yarnbarnct@gmail.com,THE YARN BARN,LLC,US,Connecticut,WOODBRIDGE,"1666 Litchfield Turnpike #1, Woodbridge, CT 06525",203-389-5117,6525,http://www.theyarnbarn.com,THE YARN BARN LLC,Yarn Store
knitonpearl@gmail.com,KNIT ON,PEARL,US,Wyoming,JACKSON,"145 W. Gill Ave Jackson, WY 83001",307-733-5648,83001,http://www.knitonpearl.com,KNIT ON PEARL,Yarn Store
beadfiberfantasy@gmail.com,BEAD & FIBER,FANTASY,US,New York,MARION,"4849 Cory Corners, Marion, NY 14505",315-690-1108,14505,http://WWW.BEADFIBERFANTASY.COM,BEAD & FIBER FANTASY,Yarn Store
darlene@mosaicyarnstudio.com,MOSAIC YARN,STUDIO LTD,US,Illinois,MOUNT PROSPECT,"109 W. Prospect Ave.Mount Prospect, IL 60056",847-390-1013,60056,http://www.mosaicyarnstudio.com,MOSAIC YARN STUDIO LTD,Yarn Store
northeastfiberarts@gmail.com,NORTHEAST FIBER,ARTS CENTER,US,Vermont,WILLISTON,"7531 Williston Rd. Williston, VT",802-288-8081,5495,http://www.northeastfiberarts.com,NORTHEAST FIBER ARTS CENTER,Yarn Store
kt@theneedletree.com,THE NEEDLETREE,INC,US,South Carolina,GREENVILLE,"22 Tindal Ave, Greenville, SC, United States, South Carolina",864-235-6060,29605,http://www.theneedletree.com,THE NEEDLETREE INC,Yarn Store
misso@att.net,TAWAS BAY YARN,COMPANY,US,Michigan,EAST TAWAS,"1820 US 23 East Tawas, MI 48730",989-362-4463,48730,,TAWAS BAY YARN COMPANY,Yarn Store
info@atelieryarns.com,ATELIER,YARNS,US,California,SAN FRANCISCO,"1818 Divisadero Street
 San Francisco, CA 94115",415-771-1550,94115,http://www.atelieryarns.com,ATELIER YARNS,Yarn Store
sales@emysyarns.com,BORDER LEATHER,CORP.,US,California,CHULA VISTA,"261 Broadway, Chula Vista, California 91910, United States",619-691-1657,91910,http://emysyarns.com,BORDER LEATHER CORP.,Yarn Store
dontdropastitch@yahoo.com,STITCHES IN,TIME,US,California,BELLFLOWER,"16525 Bellflower Blvd, Bellflower, CA 90706",562-804-9341,90706,http://WWW.STITCHESINTIMEYARN.COM,STITCHES IN TIME,Yarn Store
mikebecker@dknits.com,DISTINCTIVE,KNITS,US,Indiana,AURORA,"322 Second St Aurora, IN 47001-1304",812-926-2970,47001,http://store.dknits.com,DISTINCTIVE KNITS,Yarn Store
heidisyarnhaven@gmail.com,HEIDI'S YARN,HAVEN,US,California,UKIAH,"180 South School Street Ukiah, California 95482",707-462-0544,95482,http://WWW.HEIDISYARNHAVEN.COM,HEIDI'S YARN HAVEN,Yarn Store
lorennplunkett@gmail.com,SEW,IRRESISTIBLE,US,Michigan,HOUGHTON,"212 North Broad Street Suite B, Albertville, Alabama 35950, United States",906-482-1722,49931,,SEW IRRESISTIBLE,Yarn Store
wool@yarnharborduluth.com,YARN HARBOR,INC,US,Minnesota,DULUTH,"4629 E SUPERIOR ST DULUTH, MN 55804",218-724-6432,55804,http://WWW.YARNHARBORDULUTH.COM,YARN HARBOR INC.,Yarn Store
yarntiques@gmail.com,YARNTIQUES,,US,Tennessee,JOHNSON CITY,"410 E. Watuaga Ave Johnson City, TN",423-232-2933,37601,http://www.yarntiquestn.com,YARNTIQUES,Yarn Store
caroline@carodanfarm.com,CARODAN FARM,WOOL SHOP,US,Virginia,CHINCOTEAGUE,"7151 Horseshoe Dr Chincoteague Island, VA 23336",757-336-0536,23336,http://www.carodanfarm.com,CARODAN FARM WOOL SHOP,Yarn Store
blackpurl18@gmail.com,BLACK PURL,LLC,US,Wisconsin,WAUSAU,"1102 3rd St, Wausau, WI, United States, Wisconsin",715-843-7875,54403,,BLACK PURL LLC,Yarn Store
yarns@fengari.net,FENGARI,,US,California,HALF MOON BAY,"415 Main St, Half Moon Bay, CA 94019, United States",650-726-2550,94019,http://www.fengari.net,FENGARI,Yarn Store
artistsgalleryyarn@yahoo.com,THE ARTISTS,GALLERY,US,Ohio,NORTH CANTON,"1142 South Main Street North Canton, Ohio 44720",330-494-8838,44720,http://artistsgalleryyarn.com,THE ARTISTS GALLERY,Yarn Store
Violasemporium@gmail.com,STITCH,NICHE,US,Florida,DUNNELLON,"20782 Walnut Street, Dunnellon, Florida 34431, United States",352-465-8000,34431,http://stitchniche.com,STITCH NICHE,Yarn Store
twisneedleinc@gmail.com,THE WORLD,IN STITCHES,US,Massachusetts,LITTLETON,"Second floor with elevator, 256 Great Rd #16, Littleton, MA 01460, United States",978-486-8330,1460,,THE WORLD IN STITCHES,Yarn Store
allyn.knitshop@gmail.com,ALLYN,KNIT SHOP,US,Washington,ALLYN,"16590 WA-3, Allyn, WA 98524",360-275-4729,98524,http://www.allynknitshop.com,ALLYN KNIT SHOP,Yarn Store
info@nauticalyarn.com,NAUTICAL,YARN,US,Michigan,LUDINGTON,"108 South Rath Avenue Ludington, MI 49431",231-845-9868,49431,http://www.nauticalyarn.com,NAUTICAL YARN,Yarn Store
info@yarngal.com,YARN,GALLERY,US,Pennsylvania,WEST READING,628 Penn Avenue West Reading PA 19611,610-373-1622,19611,http://yarngal.com,YARN GALLERY,Yarn Store
craftsandframes@gmail.com,BEN FRANKLIN,CRAFTS AND FRAMES,US,Washington,REDMOND,"15756 Redmond Way Redmond, WA 98052",425-883-2050,98052,http://www.craftsandframes.com,BEN FRANKLIN CRAFTS AND FRAMES,Yarn Store
imagikniteast@gmail.com,IMAGIKNIT,,US,California,SAN FRANCISCO,"2921 College Avenue, Berkeley, CA 94705",415-621-6642,94114,http://imagiknit.com,IMAGIKNIT,Yarn Store
info@SpinningYarnsNH.com,SPINNING,YARNS,US,New Hampshire,DOVER,"511 central avenue dover, new hampshire 03820",603-740-6476,3820,http://spinningyarnsnh.com,SPINNING YARNS,Yarn Store
woolymum1@gmail.com,YORKSHIRE,MEADOWS,US,Pennsylvania,MANSFIELD,"9646 N Elk Run Rd, Mansfield, PA 16933",570-549-2553,16933,http://www.yorkshiremeadows.com,YORKSHIRE MEADOWS,Yarn Store
support@jimmybeanswool.com,JIMMY BEANS,WOOL,US,Nevada,RENO,"891 Trademark Drive Reno, NV 89521",775-827-9276,89521,http://www.jimmybeanswool.com,JIMMY BEANS WOOL,Yarn Store
madejasonline@gmail.com,MADEJAS,,US,,SAN JUAN,"410 avenida Jose de Diego, San Juan, Puerto Rico",787-781-7619,920,,MADEJAS,Yarn Store
cheers@rivercolors.com,RIVER,COLORS,US,Ohio,LAKEWOOD,"1387 Sloane Avenue Lakewood, OH 44107",216-228-9276,44107,http://www.rivercolors.com,RIVER COLORS,Yarn Store
threebagsfullstudio@gmail.com,THREE BAGS FULL,KNTG STUDIO,US,Illinois,NORTHBROOK,,847-291-9933,60062,http://threebagsfullknittingstudio.com,THREE BAGS FULL KNTG STUDIO,Yarn Store
theblacksheepshop@hotmail.com,THE BLACK,SHEEP SHOP,US,Florida,ORLANDO,"1201 W. Fairbanks Avenue Orlando, FL 32804",407-894-0444,32804,http://WWW.THEBLACKSHEEPSHOP.COM,THE BLACK SHEEP SHOP,Yarn Store
ExpressionsinNeedleArt@yahoo.com,EXPRESSIONS IN,NEEDLEART INC,US,New York,CANANDAIGUA,"110 S Main St, Canandaigua, NY, United States, New York",585-394-4870,14424,expressionsinneedleart.com,EXPRESSIONS IN NEEDLEART INC,Yarn Store
amberkisses2001@yahoo.com,KNITTING,KNIGHT,US,Minnesota,HIBBING,"113 E Howard St, Hibbing, MN 55746",218-969-5086,55746,,KNITTING KNIGHT,Yarn Store
carrie@yarnsellar.com,THE YARN,SELLAR,US,Maine,YORK,"891 U.S. Route 1 York, Maine 03909",207-351-1987,3909,http://www.yarnsellar.com,THE YARN SELLAR,Yarn Store
mtillson@me.com,THE ELEGANT,EWE,US,Michigan,MENOMINEE,"400 1st St, Menominee, MI 49858",906-863-2296,49858,http://www.theelegantewe.com,THE ELEGANT EWE,Yarn Store
cynthia@stitchyourartout.com,STITCH YOUR,ART OUT,US,Pennsylvania,PINE GROVE MILLS,"235 Pine Grove Rd.Pine Grove Mills, PA 16868",814-238-4151,16868,http://www.stitchyourartout.com,STITCH YOUR ART OUT,Yarn Store
info@hausofyarn.com,HAUS OF,YARN,US,Tennessee,NASHVILLE,"265 White Bridge Rd, Nashville, TN 37209,",615-354-1007,37209,http://www.HAUSOFYARN.COM,HAUS OF YARN,Yarn Store
info@charlotteyarn.com,CHARLOTTE,YARN,US,North Carolina,CHARLOTTE,"1235 East Blvd. Suite D Charlotte, NC 28203",704-373-7442,28203,http://www.charlotteyarn.com,CHARLOTTE YARN,Yarn Store
Knittingniche@gmail.com,THE KNITTING,NICHE,US,New Jersey,OCEAN CITY,"1330 Asbury Ave, Ocean City, NJ 08226",609-399-5111,8226,https://www.knittingniche.com,THE KNITTING NICHE,Yarn Store
durenda@yarnztogo.com,YARNS TO GO,& FABRICS,US,Michigan,ALPENA,"127 North Second Avenue Alpena, MI 49707",989-356-4119,49707,http://www.yarnztogo.com/,YARNS TO GO & FABRICS,Yarn Store
coastalcrafts@gmail.com,COASTAL,CRAFTS PLUS,US,North Carolina,ATLANTIC BEACH,"1010 W Fort Macon Rd, Atlantic Beach, NC 28512",252-247-7210,28512,,COASTAL CRAFTS PLUS,Yarn Store
divayarn940@gmail.com,DIVA,YARN,US,Washington,PT. TOWNSEND,"940 Water St, Port Townsend, WA 98368",360-385-4844,98368,http://www.divayarn.com,DIVA YARN,Yarn Store
info@rapunzelsfrankenmuth.com,RAPUNZEL'S UNIQUE,GIFTS AND YARNS,US,Michigan,FRANKENMUTH,"664 S Main St, Frankenmuth, MI 48734",989-652-0464,48734,http://www.rapunzelsfrankenmuth.com,RAPUNZEL'S UNIQUE GIFTS AND YARNS,Yarn Store
vdicken67@gmail.com,AUTUMN HOUSE FARMS,SHEPHERD'S REST,US,Pennsylvania,ROCHESTER MILLS,"101 East Mahoning Street, Punxsutawney, PA, United States, Pennsylvania",724-286-9596,15771,,AUTUMN HOUSE FARMS-SHEPHERD'S REST,Yarn Store
monikasquilt-yarnshop@outlook.com,MONIKA'S,,US,Minnesota,PARK RAPIDS,"210 Main Ave S. Park Rapids, MN. 56470",218-732-3896,56470,http://www.monikasquiltshop.com,MONIKA'S,Yarn Store
sales@countryneedleworks.net,COUNTRY,NEEDLEWORKS,US,Michigan,JENISON,"584 Chicago Drive Jenison, MI 49428",616-457-9410,49428,http://www.countryneedleworks.net,COUNTRY NEEDLEWORKS,Yarn Store
shirley@thestitchingwell.com,THE STITCHING,WELL,US,Michigan,BAY CITY,"78 State Park Drive Bay City, MI 48706",989-684-0231,48706,http://stitchingwell.com,THE STITCHING WELL,Yarn Store
designeryarn@hotmail.com,DESIGNER,YARNS,US,Oregon,SANDY,"38871 Proctor Boulevard Ste A Sandy, Oregon 97055",971-990-6834,97055,http://www.dyarn.com,DESIGNER YARNS,Yarn Store
swensonlk@hotmail.com,BEEHIVE,CRAFTS & FRAMING,US,Iowa,SPENCER,"406 Grand Ave, Spencer, IA 51301",712-262-3918,51301,,BEEHIVE CRAFTS & FRAMING,Yarn Store
heavenlyyarns@gmail.com,HEAVENLY,YARNS,US,Maine,BELFAST,"133 High St. Belfast, ME 04915",207-338-8388,4915,http://www.heavenlyyarns.com,HEAVENLY YARNS,Yarn Store
jeanne@knittingaddiction.com,KNITTING,ADDICTION,US,North Carolina,KITTY HAWK,"3708 N. Croatan Hwy #2 Kitty Hawk, NC 27949",252-255-5648,27949,http://www.knittingaddiction.com,KNITTING ADDICTION,Yarn Store
woolbearers@gmail.com,WOOLBEARERS,,US,New Jersey,MT HOLLY,"90 High Street Mt Holly, NJ. 08060 US",609-914-0003,8060,http://WWW.WOOLBEARERS.NET,WOOLBEARERS,Yarn Store
kcyarncompany@gmail.com,KANAWHA CITY,YARN COMPANY,US,West Virginia,CHARLESTON,"5132A MacCorkle Avenue SE Charleston, West Virginia 25304",304-926-8589,25304,http://www.kcyarncompany.com,KANAWHA CITY YARN COMPANY,Yarn Store
athomestorefairfield@gmail.com,AT HOME,STORE,US,Iowa,FAIRFIELD,"52 North Main Street Fairfield, Iowa 52556",641-472-1016,52556,http://athomestorefairfield.com,AT HOME STORE,Yarn Store
Betty@SoMuchYarn.com,SO MUCH,YARN,US,Washington,SEATTLE,"1525 1st Ave #4 Seattle, WA 98101",206-443-0727,98101,http://www.somuchyarnknittingcrocheting.com,SO MUCH YARN,Yarn Store
expressionsgallerywtn@gmail.com,EXPRESSIONS GALLERY,KNIT NOOK,US,South Dakota,WATERTOWN,"201 East Kemp Ave Watertown, SD 57201",605-886-9251,57201,http://expressionsgallery.net,EXPRESSIONS GALLERY/KNIT NOOK,Yarn Store
joanne@heartstringsyarn.com,HEARTSTRINGS,YARN,US,California,CHICO,"237 W East Ave Suite 10, Chico, CA 95926",530-894-1434,95926,http://www.heartstringsyarn.com,HEARTSTRINGS YARN,Yarn Store
info@xpressionsbeadsnyarn.com,XPRESSIONS,,US,Wisconsin,WEST BEND,"301 N Main St., West Bend, WI 53095",262-306-1300,53095,https://www.beadsnyarn.com,XPRESSIONS,Yarn Store
elsiebee@hartcom.net,ELSIEBEE,ORIGINAL,US,Georgia,HARTWELL,"79 Depot Street, Hartwell GA 30643",706-376-2787,30643,http://elsiebeeoriginals.com,ELSIEBEE ORIGINAL,Yarn Store
kniton41071@gmail.com,KNIT ON,INC,US,Kentucky,NEWPORT,"735 Monmouth St., Newport, KY 41071",859-291-5648,41071,https://knitonyarnshop.myshopify.com,KNIT ON ! INC,Yarn Store
gifts@maine-crafts.com,ROSEMARY'S GIFT AND,YARN SHOP,US,Maine,WINDHAM,"39 Roosevelt Trail, Windham, ME 04062",207-894-5770,4062,http://www.maine-crafts.com,ROSEMARY'S GIFT AND YARN SHOP,Yarn Store
northernspiritsandgifts@gmail.com,NORTHERN SPIRITS,GIFT SHOPPE,US,Michigan,MANISTEE,"389 River St, Manistee, MI 49660",231-398-0131,49660,,NORTHERN SPIRITS GIFT SHOPPE,Yarn Store
Ideastudioknits@gmail.com,IDEAS,STUDIO,US,Illinois,LA GRANGE,"515 S. La Grange Rd. La Grange, Il 60525",708-352-1789,60525,http://www.ideastudioknits.com,IDEAS STUDIO,Yarn Store
7sistersyarnandfiber@gmail.com,7 Sisters,Yarn & Fiber,US,Missouri ,St. Louis,"5817 S Lindbergh Blvd, St. Louis, MO 63123, United States",63123,13142817013,https://www.7sistersyarnandfiber.com/,,Yarn store 
yarnpatch@gmail.com,The Yarn,Patch,US,Tennessee,Crossville,"68 N Main St, Crossville, TN 38555, United States",38555,19317071255,https://www.yarnpatch.com/,,Yarn store 
kalistamefford@gmail.com,Mefford ,Meadows,US,Tennessee,Franklin,"1586 Coleman Rd, Franklin, TN 37064, United States",37064,16159452052,https://www.meffordmeadows.com/,,Yarn store 
clinchriveryarns@gmail.com,Clinch ,River Yarn Company,US,Tennessee,Clinton,"725 N Charles G Seivers Blvd, Clinton, TN 37716, United States",37716,18652694528,http://www.clinchriveryarns.com/,Clinch River Yarn Company,Yarn store 
ChattanoogaYarnCo@gmail.com,Chattanooga ,Yarn Company,US,Tennessee,Chattanooga ,"304 Northgate Mall Dr, Chattanooga, TN 37415, United States",37415,14236602926,https://chattanoogayarn.com/,Chattanooga Yarn Company,Yarn store 
appalachianyarnco@gmail.com,Appalachian ,Yarn Company,US,Tennessee,New Market,"639 McGuire Rd, New Market, TN 37820, United States",37820,19374300603,https://www.appalachianyarncompany.com/,Appalachian Yarn Company,Yarn store 
yarnloftmc@gmail.com,Yarnloft,,US,South Carolina,Myrtle Beach ,"2876 Howard Ave, Myrtle Beach, SC 29577, United States",29577,18439454411,https://www.yarnloftmbsc.com/,,Yarn store 
yarnjunction@gmail.com,Yarn ,Junction Co.,US,Iowa,West Des Moines,"132 5th St, West Des Moines, IA 50265, United States",50265,15152772770,http://www.yarnjunction.com/,Yarn Junction Co.,Yarn store 
anapbm@gmail.com,Yarn ,Hub ,US,Kentucky,Shelbyville,"500 Main St # 4, Shelbyville, KY 40065, United States",40065,15024402573,https://yarn-hub.com/,,Yarn store 
wrenandpurl@gmail.com,Wren, & Purl,US,Iowa,Mt. Vernon,"224 1st St W, Mt Vernon, IA 52314, United States",52314,13194579637,http://wrenandpurl.com/,,Yarn store 
woolmarketfibers@gmail.com,Woolmarket ,Fibres,US,Mississippi,Gulfport,"452 Courthouse Rd C, Gulfport, MS 39507, United States",39507,12282168339,http://www.woolmarketfibers.com/,,Yarn store 
theyarnandthetale@gmail.com,Wool ,and Whimsy Yarn Shop,US,Wyoming,Casper,"122 E 2nd St, Casper, WY 82601, United States",82601,13073331064,http://woolandwhimsy.store/,,Yarn store 
qwolelisa@gmail.com,Windrush ,Alpacas,US,New Mexico ,Clovis,"770 Curry Rd M, Clovis, NM 88101, United States",88101,15756835177,http://www.windrushalpacas.com/,,Yarn store 
bethannesmiley@gmail.com,Wheaten,Woolens,US,Iowa,Davenport,"2200 Telegraph Rd, Davenport, IA 52804, United States",52804,15632101587,https://wheaten-woolens.square.site/,,Craft store
woolmarketfibers@gmail.com,What's ,Your Stitch,US,Mississippi,Gulfport,"452 Courthouse Rd C, Gulfport, MS 39507, United States",39507,12282168339,http://www.woolmarketfibers.com/,,Quilt shop 
yarnbarnct@gmail.com,The Yarn ,Barn ,US,Connecticut,Woodbridge,"1666 Litchfield Turnpike #1, Woodbridge, CT 06525, United States",6525,12033895117,http://theyarnbarn.com/,,Yarn store 
theyarnandthetale@gmail.com,The yarn ,and the Tale,US,Wyoming,Rock Springs,"123 Broadway St, Rock Springs, WY 82901, United States",82901,19704124403,http://theyarnandthetale.com/,,Yarn store 
thewoodenneedle@gmail.com,The Wooden ,Needle,US,Kentucky,Trenton,"118 South Main St, Trenton, KY 42286, United States",42286,12709549005,http://www.thewoodenneedle.com/,,Yarn store 
stitcherynook@gmail.com,The Stitchery ,Nook ,US ,Iowa,Osage,"635 Main St, Osage, IA 50461, United States",50461,16417325329,http://www.cross-stitch-usa.com/,,Needlework shop 
thestitch217@gmail.com,The Stitch ,,US,Iowa,Jefferson ,"206 N Wilson Ave, Jefferson, IA 50129, United States",50129,15153862014,http://thestitchiowa.com/,,Quilt shop 
southernneedle@gmail.com,The Southern ,Needle ,US ,Mississippi,Ridgeland,"587 US-51 suite c, Ridgeland, MS 39157, United States",39157,16019197118,http://www.thesouthernneedle.biz/,,Yarn store 
qwolelisa@gmail.com,The Quilt,"Works, Inc.",US,New Mexico ,Albuquerque,"11105 Menaul Blvd NE, Albuquerque, NM 87112, United States",87112,15052988210,http://quiltworksabq.com/,,Fabric store
debbi.sincityknits@gmail.com,Sin City ,Knit Shop,US,Nevada,Las Vegas,"8826 S Eastern Ave Suite 110, Las Vegas, NV 89123, United States",89123,17026410210,http://www.sincityknitshop.com/,,Knit shop 
rebellegirls@gmail.com,Re Belle,,US,Kentucky,Lexington,"225 Rosemont Garden, Lexington, KY 40503, United States",40503,18593899750,https://www.rebellegirls.com/,,Yarn store 
practicalstitchcraft@gmail.com,Practical ,Stitch Craft,US,,,,,15052265005,http://www.practicalstitchcraftabq.com//,,Knit shop 
stitcherynook@gmail.com,Patch Patch ,Hobby Shop,US,Iowa,Sioux City,"1600 Pierce St, Sioux City, IA 51105, United States",51105,17122581010,http://www.patchcrafthobby.com/,,Knit shop 
palmettoyarn@gmail.com,Palmetto ,Yarn Shoppe,US,South Carolina,Campobello,"221 N Main St, Campobello, SC 29322, United States",29322,18644681122,http://www.palmettoyarn.com/,,Yarn Shop 
mooncatfiber@gmail.com,Mooncat ,Fibre,US,New Mexico ,Taos,"120 Bent St # B, Taos, NM 87571, United States",87571,15757589341,http://mooncatfiber.com/,,Yarn shop 
lookingglassyarn@gmail.com,Looking Glass ,Yarn & Gifts,US,New Mexico ,Santa Fe,"1807 2nd St #2, Santa Fe, NM 87505, United States",87505,15059959649,http://lookingglassyarn.com/,,Yarn shop 
lexcreativereuse@gmail.com,Lex Center ,for Creative ReUse,US,Kentucky,Lexington,"110 Luigart Ct Unit 150, Lexington, KY 40508, United States",40508,18592196699,http://lexcreativereuse.org/,,Art supply store
letuscharmu@gmail.com,Let Us ,Charm You,US,Fallon,Nevada,"153 S Maine St, Fallon, NV 89406, United States",89406,17754127189,,,Yarn store 
knittygrittyshop.wis@gmail.com,Knitty ,Gritty Shop,US,Wisconsin ,Fond du Lac,"63 N Main St, Fond du Lac, WI 54935, United States",54935,19202142050,http://knittygrittyshop.com/,,Yarn store 
knitchyarns@gmail.com,Knitch ,Yarns in Delafield,US,Wisconsin ,Delafield,"608 Milwaukee St, Delafield, WI 53018, United States",53018,12626469392,https://www.knitch.net/,,Yarn store 
goodgirlgraciellc@gmail.com,Knit Whit's ,Yarn & Crafts,US,Wisconsin ,Baileys Harbor,"8024 WI-57, Baileys Harbor, WI 54202, United States",54202,19208399276,http://knitwhitsyarnshop.com/,,Yarn store 
knitonpearl@gmail.com,Knit,On Pearl,US,Wyoming,Jackson,"145 W Gill Ave, Jackson, WY 83001, United States",83001,13077335648,http://knitonpearl.com/,,Yarn store 
amkryukov@gmail.com,JOANN ,Fabric and Crafts,US,New Mexico ,Santa Fe,"3140 Cerrillos Rd Ste B, Santa Fe, NM 87507, United States",87507,15054731032,https://www.joann.com/?utm_campaign=website-homepage&utm_medium=google&utm_content=website&utm_source=local-listing,,Craft store
yarnjunction@gmail.com,Jan's ,Yarn Barn,US,Iowa,Newton,"326 1st Ave W, Newton, IA 50208, United States",50208,16417911173,https://jansyarnbarn.com/,,Yarn store 
hipstitchabq@gmail.com,Hip ,Stitch,US,New Mexico ,Albuquerque,"2320 Wisconsin St NE, Albuquerque, NM 87110, United States",87110,15058212739,https://www.hipstitchabq.com/,,Quilt shop 
hiddenvalleyfarmwoolenmill@gmail.com,Hidden Valley Farm ,& Woolen Mill,US,Wisconsin ,Valders,"14804 Newton Rd, Valders, WI 54245, United States",54245,19207582803,https://hiddenvalleyfarmwoolenmill.com/,,Yarn store 
Heartmadebylisa@gmail.com,Heartmade ,Crafts LLC,US,Mississippi,Lucedale,"130 Susan Cooley Rd, Lucedale, MS 39452, United States",39452,16017911610,,,Yarn store 
growinguplulushop@gmail.com,Growing ,Up Lulu Fiber Arts,US,Iowa,Sergeant Bluff,"116 Gaul Dr, Sergeant Bluff, IA 51054, United States",51054,17126357409,http://www.growinguplulu.com/,,Yarn store 
graftonyarn@gmail.com,Grafton ,Yarn ,US ,Wisconsin ,Grafton,"1300 14th Ave, Grafton, WI 53024, United States",53024,12623770344,http://graftonyarnstore.com/,,Yarn store 
flaxenfleece@gmail.com,Flaxan ,Fleece,US,Wisconsin ,Sauk City ,"800 Water St, Sauk City, WI 53583, United States",53583,16089608096,https://www.flaxenfleece.com/,,Yarn store 
fiberheartyarn@gmail.com,Fiber Heart ,Yarn & Gifts,US,Iowa,Urbana,"100 Towne Centre Dr, Urbana, IA 52345, United States",52345,13194439276,https://fiberheartyarn.com/,,Yarn store 
schustercraft@gmail.com,Ewe ,& You Fiber Arts LLC,US,Connecticut,Windsor,"The Carriage House, 261 Broad St, Windsor, CT 06095, United States",6095,18609905230,http://eweandyoufiberarts.com/,,Yarn store 
craftynanadesigns@gmail.com,Crafty ,Nana Designz,US,Kentucky ,Louisville,"442 Spring House Ln, Louisville, KY 40229, United States",40229,15025339613,https://crafty-nana-designz.ueniweb.com/?utm_campaign=gmb,,Craft store
john@email.com,Cowgirl ,Yarn ,US,Wyoming,Laramie,"119 E Ivinson Ave, Laramie, WY 82070, United States",82070,13077559276,https://cowgirlyarn.com/,,Yarn store 
anapbm@gmail.com,Close-Knit ,Yarn Co-op,US,New Mexico ,Los Alamos,"1247 Central Ave C, Los Alamos, NM 87544, United States",87544,15056621417,http://closeknityarncoop.com/,,Yarn store 
bgstitchesandcrafts@gmail.com,Bluegrass ,Stitches & Crafts,US,Kentucky,Versailles,"105 Park St #102, Versailles, KY 40383, United States",40383,18592142139,http://www.bluegrassstitchesandcrafts.com/,,Craft store
bayouyarnshoppe@gmail.com,Bayou ,Yarn Shoppe,US,Louisiana,Lafayette,"233 Doucet Rd, Lafayette, LA 70503, United States",70503,13373458357,http://www.bayouyarnshoppe.com/,,Yarn store 
madeline.ballyhoofarm@gmail.com,Ballyhoo ,Ballyhoo Fiber Emporium,US,Kentucky,Bagdad,"2410 Christianburg Rd, Bagdad, KY 40003, United States",40003,15024325301,http://www.ballyhoofiberemporium.com/,,Farm shop
bobbyperdana48@gmail.com,A Tangled ,Yarn Shop ,US,North Carolina,Denver ,"3692 NC-16 Business, Denver, NC 28037, United States",28037,,http://www.atangledyarnshop.com/,,Yarn store 
atangleofyarn@gmail.com,A Tangle , of Yarn,US,Iowa,West Des Moines,"1903 EP True Pkwy Suite 310, West Des Moines, IA 50265, United States",50265,15155053939,http://www.atangleofyarn.com/,,Yarn store 
aquiltingstitchuation@gmail.com,A Quilting,"Stitchuation, LLC",US,New Mexico ,Alto ,"229 Fort Stanton Rd, Alto, NM 88312, United States",88312,15753150541,http://www.aquiltingstitchuation.shop/,,Quilt shop 
yarningtown@gmail.com,Yarningtown ,LLC,US,Penssylvania,Downingtown,"4309 Lincoln Hwy E, Downingtown, PA 19335, United States",19335,16103140807,http://www.yarningtown.com/,,Yarn store 
yarnjunction@gmail.com,Yarn ,Junction Co,US,Iowa,West Des Moines,"132 5th St, West Des Moines, IA 50265, United States",50265,15152772770,http://www.yarnjunction.com/,,Yarn store 
amkryukov@gmail.com,Wright ,Choice Alpacas,US,Vermont,Castleton,"161 Howland Rd, Castleton, VT 05735, United States",5735,18022365615,http://www.wrightchoicealpacas.com/,,Yarn store 
wrenandpurl@gmail.com,Wren,& Purl,US,Iowa,Mt Vernon,"224 1st St W, Mt Vernon, IA 52314, United States",52314,13194579637,http://wrenandpurl.com/,,Yarn store 
wnkbnmusicstudio@gmail.com,Wood ,& Knit Be Nice Music Studio,US ,Nebraska,Papillion,"103 E 4th St, Papillion, NE 68046, United States",68046,14028000681,http://www.wnkbnmusicstudio.com/,,Knit shop 
nebraskaczechsofwilber@gmail.com,Wilber ,Czech Craft Shop,US,Nebraska,Wilber,"216 W 3rd St, Wilber, NE 68465, United States",68465,14028212166,http://www.nebraskaczechsofwilber.com/craft-shop/,,Craft store
bethannesmiley@gmail.com,Wheaten , Woolens,US,Iowa,Davenport,"2200 Telegraph Rd, Davenport, IA 52804, United States",52804,15632101587,https://wheaten-woolens.square.site/,,Craft store
whatayarn@gmail.com,What A ,Yarn ,US ,Vermont,St Albans City,"107 Bank St, St Albans City, VT 05478, United States",5478,18023930121,http://www.whatayarnvt.com/,,Yarn store 
weaverhouseco@gmail.com,Weaver ,House ,US,Penssylvania,Philadelphia,"1901 S 9th St Space 203 & 204, Philadelphia, PA 19148, United States",19148,12152782504,http://www.weaverhouseco.com/,,Yarn store 
VillageNeedleworks@gmail.com,Village ,Needleworks,US,Nebraska,Omaha,"8709 Shamrock Rd, Omaha, NE 68114, United States",68114,14023911191,http://www.villageneedleworks.com/,,Needlework shop 
twosistersvermont@gmail.com,"Two Sisters
",Mill & Mercantile,US,Vermont,Jeffersonville,"143 S Vermont 108 in, Jeffersonville, VT 05464, United States",5464,18028818997,http://twosistersmill.com/,,Wool shop 
three.loves.yarn@gmail.com,Three Loves ,Yarn & Notions,US,Idaho ,Nampa,"411 Caldwell Blvd, Nampa, ID 83651, United States",83651,12089431937,https://www.three-loves.com/,,Yarn store 
idahoyarnshop@gmail.com,The Yarn ,Shop ,US,Idaho ,Twin Falls,"556 Blue Lakes Blvd N, Twin Falls, ID 83301, United States",83301,12088860883,http://www.idahoyarnshop.com/,,Yarn store 
theyarnbank@gmail.com,The Yarn ,Bank ,US ,Vermont, St Johnsbury,"457 Railroad St Ste 1, St Johnsbury, VT 05819, United States",5819,18027482265,https://www.theyarnbankvt.com/,,Yarn store 
stitcherynook@gmail.com,The Stitchery,Nook,US,Iowa,Osage,"635 Main St, Osage, IA 50461, United States",50461,16417325329,https://www.cross-stitch-usa.com/,,Needlework shop 
thestitch217@gmail.com,The Stitch ,,US ,Iowa,Jefferson,"206 N Wilson Ave, Jefferson, IA 50129, United States",50129,15153862014,https://www.thestitchiowa.com/,,Quilt shop 
rustymoonquilts@gmail.com,The Rusty Moon ,"Quilts, Wool, & More",US,Missouri ,Willow Springs,"3649 US-63, Willow Springs, MO 65793, United States",65793,14174690597,https://www.rustymoonquilts.com/,,Quilt shop 
theremnantshopri@gmail.com,The Remnant ,Shop ,US,Rhode Island,Hope Valley,"1081 Main St, Hope Valley, RI 02832, United States",2832,14015392500,"https://theremnantshop.com/
",,Fabric store
paulahogge@gmail.com,The Frolicking ,Goddess,US,Rhode Island,Woonsocket,"68 S Main St, Woonsocket, RI 02895, United States",2895,,,,Craft store
craftyretreat@gmail.com,The Cafty ,Retreat,US,Arkansas,Springdale,"7321 W Sunset Ave Suite H, Springdale, AR 72762, United States",72762,14798419132,http://www.thecraftyretreat.com/,,Hobby store
thebountifulewe@gmail.com,The Bountiful ,Ewe,US,North Dakota,Fargo,"1326 25th St S Ste E, Fargo, ND 58103, United States",58103,17014918722,https://www.thebountifulewe.com/,,Yarn Store 
craftymaker401@gmail.com,Stitch ,Source,US,Rhode Island,Barrington,"10 Anoka Ave, Barrington, RI 02806, United States",2806,14013375578,https://www.stitchsourceri.com/,,Yarn store 
MediArrowCo@gmail.com,Spotted ,Turtle Crafts,US,Nebraska,Bellevue,"2916 Redwing Cir, Bellevue, NE 68123, United States",68213,17014303892,,,Craft store
slipknitswest@gmail.com,SlipKnits,,US ,South Dakota,Rapid City,"1109 W Omaha St # G, Rapid City, SD 57701, United States",57701,16054305154,https://www.slip-knitswest.com/,,Yarn store 
impallari@gmail.com,Slip ,"Stitch Avenue, LLC",US,New Jersey,Bordentown,"117 Farnsworth Ave, Bordentown, NJ 08505, United States",8505,16099028821,https://www.slipstitchavenue.com/,,Yarn store 
twosistersvermont@gmail.com,Shades ,of Winter Yarn Shop,US,Vermont,Waitsfield,"5121 Main St #9, Waitsfield, VT 05673, United States",5673,18024969040,,,Yarn store 
sewingfs@gmail.com,Sewing Machine Center ,& Fabric,US,Arkansas,Fort Smith,"6700 Phoenix Ave, Fort Smith, AR 72903, United States",72903,14794845351,https://www.sewingfs.com/https://www.sewingfs.com/,,Sewing machine shop 
sagercreekquilts@gmail.com,Sager ,Creek Quilts,US,Arkansas,Siloam Springs,"304 E Central St, Siloam Springs, AR 72761, United States",72761,14795245244,https://www.sagercreekquilts.com/,,Quilt shop 
paperpenpalette@gmail.com,Paper,Pen & Palette,US,New Hampshire,Wolfeboro,"8 S Main St, Wolfeboro, NH 03894, United States",3894,16035151027,https://paperpenpalette.com/,,Artwork shop
northeastfiberarts@gmail.com,Northeast Fiber,Arts Center,US,Vermont,Williston,"7531 Williston Rd, Williston, VT 05495, United States",5495,18022888081,http://northeastfiberarts.com/,,Yarn store 
loveyarnshop@gmail.com,,Love Yarn Shop,US,New Hampshire,Bethlehem,"2050 Main St, Bethlehem, NH 03574, United States",3574,16038692600,http://www.loveyarnshop.com/,,Yarn store 
LOOPBYLOOPSTUDIO@GMAIL.COM,Loop ,by Loop Studio,US,Rhode Island,Warren,"30 Cutler St, Warren, RI 02885, United States",2885,15088633423,https://www.loopbyloopstudio.com/hours-and-contact-info/,,Yarn store 
knitarkadelphia@gmail.com,Knit ,Unto Others,US,Arkansas,Arkadelphia,"628 Main St, Arkadelphia, AR 71923, United States",71293,18704641004,https://www.knituntoothers.net/,,Knit shop 
craftymaker401@gmail.com,Knit One ,Quilt Too,US,Rhode Island,Cumberland,"75 Hillside Rd, Cumberland, RI 02864, United States",2864,18882665360,https://www.stitchsourceri.com/,,Craft Store
knitonpearl@gmail.com,Knit ,On Pearl,US,Wyoming,Jackson,"145 W Gill Ave, Jackson, WY 83001, United States",83001,13077335648,https://knitonpearl.com/,,Yarn Store 
kcyarncompany@gmail.com,Kanawha ,City Yarn Company,US,West Virginia,Charleston,"5132A MacCorkle Ave SE, Charleston, WV 25304, United States",25304,13049268589,http://kcyarncompany.com/,Kanwaha City Yarn Company,Yarn Store 
fiberheartyarn@gmail.com,Jan's,Yarn Barn,US,Iowa,Newton,"326 1st Ave W, Newton, IA 50208, United States",50208,16417911173,https://jansyarnbarn.com/,,Yarn store 
hermitthrushfiberco@gmail.com,Hermit ,Thrush Fiber Co.,US,Vermont,Bristol,"25a Main St, Bristol, VT 05443, United States",5443,16033977202,https://www.hermitthrushfiberco.com/,Hermit Thrush Fiber Co.,Yarn store 
growinguplulushop@gmail.com,Growing Up ,Lulu Fiber Arts,US,Iowa,Sergeant Bluff,"116 Gaul Dr, 116 Gaul Dr, Sergeant Bluff, IA 51054, United States, IA 51054, United States",51054,17126357409,http://www.growinguplulu.com/,Growing Up Lulu Fiber Arts,Yarn store 
falconefivesistersfarm@gmail.com,Five Sisters,Farm yarn shop,US,New Hampshire,Plainfield,"986 NH-12A, Plainfield, NH 03781, United States",3781,,https://www.nh5sistersfarm.com/,,Gift store
finnegansrunlys@gmail.com,Finnegan's Run ,Yarn & Gifts,US,Virginia,Fredericksburg,"1145 Emancipation Hwy, Fredericksburg, VA 22401, United States",22401,15403730670,https://finnegansrunyarn.com/,,Yarn store 
fiberheartyarn@gmail.com,Fiber ,Heart Yarn ,US,Iowa,Urbana ,"100 Towne Centre Dr, Urbana, IA 52345, United States",52345,13194439276,https://www.fiberheartyarn.com/,,Yarn store 
rapidcitysewing@gmail.com,Fabric,City ,US,South Dakota,Rapid City,"120 Knollwood Dr SuiteD, Rapid City, SD 57701, United States",57701,16053422050,https://rapidcitysewing.com/,,Fabric store
expressionsgallerywtn@gmail.com,Expressions,Gallery/Knit Nook,US,South Dakota,Watertown,"201 E Kemp Ave, Watertown, SD 57201, United States",57201,16058869251,https://expressionsgallery.net/,,Needlework shop 
dutchrosequiltshop@gmail.com,Dutch ,Rose Quilt Shop,US,South Dakota,Sioux Falls,"5231 W 26th St, Sioux Falls, SD 57106, United States",57106,16053621650,"https://www.dutchrosequiltshop.com/
",,Fabric store
Cozycloudknits@gmail.com,Cozy ,cloud knits,US,Rhode Island,West Greenwich,"11 Pine Tree Ln, West Greenwich, RI 02817, United States",2817,14017426182,https://cozycloudknits.carrd.co/,,Fabric store
jenonthefarm@gmail.com,Common ,Threads,US,Arkansas,Mountain View,"17467 AR-66, Mountain View, AR 72560, United States",72560,18702696808,http://www.laffing-horse.com/,,Farm shop
commonthreadssaratoga@gmail.com,Common ,Thread Saratoga,US,New York,Saratoga Springs,"512 Broadway, Saratoga Springs, NY 12866, United States",12866,15185832583,https://www.commonthreadsaratoga.com/,,Yarn store 
centeroftheyarniverse@gmail.com,Center ,Of The Yarniverse,US,Virginia,Ashland,"112 England St, Ashland, VA 23005, United States",23005,18043627800,https://centeroftheyarniverse.com/,,Yarn store 
busyewefarm@gmail.com,Busy Ewe ,Farm and Fibers,US,South Dakota,Custer,"25743 Carroll Creek Rd, Custer, SD 57730, United States",57730,16054400316,https://www.busyewefarmfibers.com/,,Yarn store 
arkansascraftguild@gmail.com,Arkansas Craft,Guild & Gallery,US,Arkansas,Mountain View,"104 E Main St, Mountain View, AR 72560, United States",72560,18702694120,http://www.arkansascraftguild.org/?utm_source=google&utm_medium=wix_google_business_profile&utm_campaign=2907583834240413148,,Art gallery
allstarsewingidaho@gmail.com,All-Star ,"Sages Creek - Quilt, Sewing, & Embroidery Center",US,Idaho,Pocatello,"1800 Garrett Way ste 29, Pocatello, ID 83201, United States",83201,12082322208,http://www.idahosews.com/,,Fabric store
atangleofyarn@gmail.com,A tangle ,Of Yarn ,US,Iowa,West Des Moines,"1903 EP True Pkwy Suite 310, West Des Moines, IA 50265, United States",50625,15155053939,http://www.atangleofyarn.com/,,Yarn store 
knitshoppe501@gmail.com,Knit ,Shoppe LLC,US,New York ,Mamaroneck,"501 E Boston Post Rd, Mamaroneck, NY 10543, United States",10543,19146307647,http://www.knit-shoppe.com/,,Yarn store 
anniesknitting@gmail.com,Annie & Company ,Needlepoint & Knitting,US,New York,,"1763 2nd Ave, New York, NY 10128, United States",10128,12123607266,http://www.annieandco.com/,,Knit shop 
wildknitssalem@gmail.com,Wild ,Knits,US,Oregon,Salem,"310 High St NE, Salem, OR 97301, United States",97301,19716003045,https://wildknitssalem.com/,,Yarn store 
twistedtidewater@gmail.com,Tidewater ,Creations,US,Oregon,Wildport,"440 NE Commercial St # 6, Waldport, OR 97394, United States",97394,15417097876,https://www.twistedtidewater.com/,,Yarn store 
Anditheknittress@gmail.com,The Knotty ,Knittress,US,Oregon ,Roseburg,"742 SE Jackson St, Roseburg, OR 97470, United States",97470,15419000790,https://theknottyknittress.com/,,Yarn store 
teaselwick.wools@gmail.com,Teaselwick ,Wools,US,Oregon,Salem,"1313 Mill St SE, Salem, OR 97301, United States",97301,19713047050,http://teaselwickwools.blogspot.com/,,Wool store
Melissamonroeart@gmail.com,Rug ,Makers Yarn,US,,,,,,https://rugmakersyarn.com/,,Wool store
Orwoolandfibermill@gmail.com,Oregon,Wool & Fiber Mill,US,Oregon,Sherwood,"21345 SW Aebischer Rd, Sherwood, OR 97140, United States",97140,15036732390,https://www.oregonwoolandfibermill.com/,,Wool store
millendstoreinfo@gmail.com,Mill,End Store - Portland (Milwaukie),US,Oregon,Portland,"9701 SE McLoughlin Blvd, Portland, OR 97222, United States",97222,15037861234,http://www.millendstore.com/,,Fabric store
wildknitssalem@gmail.com,Cozy ,,US,Oregon,Eugene,"285 E 5th Ave, Eugene, OR 97401, United States",97401,15414859204,https://www.cozy-yarn.com/,,Yarn store 
closeknitportland@gmail.com,Close ,Knit,US,Oregon,Portland,"2140 NE Alberta St, Portland, OR 97211, United States",97221,19712706113,https://closeknitportland.com/,,Yarn store 
Backstorypdx@gmail.com,Backstory ,Books & Yarn,US,Oregon,Portland,"3129 SE Hawthorne Blvd, Portland, OR 97214, United States",97214,15032358977,http://www.backstorybooksandyarn.com/,,Book store
teaselwick.wools@gmail.com,Teaselwick,Wools,US,Oregon,Salem,"1313 Mill St SE, Salem, OR 97301, United States",97301,19713047050,http://teaselwickwools.blogspot.com/,,Yarn store 
Orwoolandfibermill@gmail.com,Oregon ,Wool & Fiber Mill,US,Oregon,Sherwood,"21345 SW Aebischer Rd, Sherwood, OR 97140, United States",97140,15036732390,https://www.oregonwoolandfibermill.com/,,Yarn store 
threelittlebirds.sewingco@gmail.com,Three ,Little Birds Sewing Co,US,Maryland,Hyattsville,"5307 Baltimore Ave, Hyattsville, MD 20781, United States",20781,13019608352,https://www.threelittlebirdssewingco.com/,,Yarn store 
theyarnshophagerstown@gmail.com,The Yarn ,Shop ,US,Maryland,Hagerstown,"1 N Potomac St, Hagerstown, MD 21740, United States",21740,12405134472,https://theyarnshopmd.com/,,Yarn store 
stitchyourlegacylinthicum@gmail.com,Stitch ,Your Legacy,US,Maryland,Linthicum Heights,"513 S Camp Meade Rd, Linthicum Heights, MD 21090, United States",21090,14109775408,https://www.stitchyourlegacy.com/,,Yarn store 
phwoolandneedle@gmail.com,Primitive,Homespuns Wool and Needleworks,US,Maryland,Frederick,"303 E Patrick St, Frederick, MD 21701, United States",21701,12406082136,https://www.phwoolandneedle.com/,,Yarn store 
Lovelyarns@gmail.com,Lovelyarns,,US,Maryland,Baltimore,"3610 Falls Rd, Baltimore, MD 21211, United States",21211,14106629276,https://www.lovelyarns.com/,,Yarn store 
knitsandpiecesannapolis@gmail.com,Knits ,and Pieces of Annapolis,US,Maryland,Annapolis,"626 Admiral Dr J, Annapolis, MD 21401, United States",21401,14102162897,https://www.knitsandpiecesofannapolis.com/,,Knit shop 
bonniesspinningwheel@gmail.com,Bonnie's ,Spinning Wheel - Minnesota Yarn Store,US,Maryland,St Cloud,"16 21st Ave S, St Cloud, MN 56301, United States",56301,13202532426,http://www.bonniesspinningwheel.com/,,Yarn store 
yarnboutiqueofdecatur@gmail.com,Yarn ,Boutique of Decatur,US,Alabama,Decatur,"714 Bank St, Decatur, AL 35601, United States",35601,12565805510,https://www.theyarnboutiqueofdecatur.com/,,Yarn shop 
tamingtheewe@gmail.com,The Taming,of the Ewe,US,Alabama,Gadsden,"541 Broad St, Gadsden, AL 35901, United States",35901,12565469090,https://www.tamingtheewe.com/,,Yarn shop 
sewcharmingquiltshop@gmail.com,Sew,Charming Quilt Shop,US,Alabama,Clanton,"601 7th St S, Clanton, AL 35045, United States",35045,12059034133,http://sewcharmingquiltshop.com/,,Quilt shop 
papercraneyarns@gmail.com,Paper ,Crane Yarns,US,Alabama,Calera,"1040 14th St STE C, Calera, AL 35040, United States",35040,12054361333,https://www.papercraneyarns.com/,,Yarn store 
knitbham@gmail.com,Knit,B'ham,US,Alabama,Birmingham,"3831 Clairmont Ave, Birmingham, AL 35223, United States",35223,12055385246,https://www.knitbham.com/,,Yarn store 
fiberartwork@gmail.com,Fiber ,Art work,US,Alabama,Huntsville,"817 Regal Dr SW, Huntsville, AL 35801, United States",35801,12566560163,https://www.fiberartwork.com/,,Yarn store 
barbaraofyarnify@gmail.com,yarnify!,| Chicago,US,Illinois,Chicago,"633 S Plymouth Ct Unit 1, Chicago, IL 60605, United States",60605,13125839276,https://shop.yarnify.com/,,Yarn store 
wallofyarn@gmail.com,Wall ,of Yarn,US,Illinois,Freeport,"14 W Stephenson St, Freeport, IL 61032, United States",61032,18156168402,https://www.wallofyarn.com/,,Yarn store 
impallari@gmail.com,The Knitting,Pot,US,Illinois,Elmhurst,"111 E 1st St Suite 105-107, Elmhurst, IL 60126, United States",60126,16305613186,https://theknittingpot.com/,,Knitting instructor
leadingmenfiberarts@gmail.com,Leading ,Men Fiber Arts,US,Illinois,Clinton,"704 N Side Square, Clinton, IL 61727, United States",61727,12177648623,http://www.leadingmenfiberarts.com/,,Yarn store 
Klosekniturbana@gmail.com,Klose,Knit,US,Illinois,Urbana,"311 W Springfield Ave, Urbana, IL 61801, United States",61801,12173442123,http://www.klosekniturbana.com/,,Yarn store
Ideastudioknits@gmail.com,Idea ,Studio Inc.,US,Illinois,La Grange,"515 LaGrange Rd, La Grange, IL 60525, United States",60525,17083521789,https://ideastudioknits.com/,,Yarn store
seattleyarn@gmail.com,Seattle ,Yarn ,US,Washington,Seattle,"2701 California Ave SW, Seattle, WA 98116, United States",98116,12069352010,https://seattleyarn.com/,,Yarn store
rainydayyarns@gmail.com,Rainy Day,Yarns & Mercantile,US,Washington,Gig Harbor,"7716 Pioneer Way # D, Gig Harbor, WA 98335, United States",98335,12535146890,https://rainydayyarns.com/,,Yarn store
fibersetctacoma@gmail.com,Fibers ,Etc,US,Washington,Tacoma,"2511 S Hood St, Tacoma, WA 98402, United States",98402,12535721859,https://fibersetctacoma.com/,,Yarn store
allyn.knitshop@gmail.com,Allyn ,Knit Shop,US,Washington,Allyn,"16590 WA-3, Allyn, WA 98524, United States",98524,13602754729,https://allynknitshop.com/,,Knit shop 
yampavalleyfiberworks@gmail.com,Yampa,Valley Fiberworks,US,Colorado ,Craig,"41180 CO-13, Craig, CO 81625, United States",81625,19708249568,https://www.yampavalleyfiberworks.com/,,Yarn store
woollyworks.knits@gmail.com,Woolly,Works Knit Shop,US,Colorado ,Elbert,"12285 Oregon Wagon Trail, Elbert, CO 80106, United States",80106,17196616062,https://www.woollyworksknitshop.com/about-us.htm,,Yarn store
whogivesascrapcos@gmail.com,Who ,Gives a SCRAP,US,Colorado ,Colorado Springs,"810 Arcturus Dr, Colorado Springs, CO 80905, United States",80905,17193758734,https://whogivesascrapcolorado.com/,,Art supply store
treelotta@gmail.com,Treelotta,Fabric + Craft Studio,US,Colorado ,Colorado Springs,"3370 S Broadway, Englewood, CO 80113, United States",80113,13039974372,https://www.treelotta.com/,,Yarn store 
bayouyarnshoppe@gmail.com,Bayou ,Yarn Shoppe,US ,Louisiana,Lafayette,"233 Doucet Rd, Lafayette, LA 70503, United States",70503,13373458357,https://www.bayouyarnshoppe.com/,,Yarn store
momosknittingnook@gmail.com,Cecilia's,Samplers,US,Missouri ,Branson,"side of AJ's One Stop, 2652 Shepherd of the Hills Expy, Branson, MO 65616, United States",65616,14173365016,,,Needlework shop 
chateausew@gmail.com,Chateau ,Sew & Sew,US,Louisiana,New Orleans,"1512 St Charles Ave, New Orleans, LA 70130, United States",70130,15045339221,https://www.chateausew.com/,,Fabric store
fiberandvine@gmail.com,Fiber ,& Vine,US,Maine,Norway,"402 Main St, Norway, ME 04268, United States",,4268,http://fiberandvine.com/,,Fabric store
